{"stats":{"minecraft:broken":{"minecraft:stone_shovel":5,"minecraft:wooden_axe":1,"minecraft:iron_axe":3,"minecraft:iron_shovel":9,"minecraft:stone_axe":4,"minecraft:iron_pickaxe":62,"minecraft:stone_pickaxe":28},"minecraft:picked_up":{"minecraft:cobblestone":15024,"minecraft:flint":37,"minecraft:sugar_cane":144,"minecraft:bone":79,"minecraft:redstone":361,"minecraft:rose_bush":8,"minecraft:cooked_mutton":22,"minecraft:firefly_bush":3,"minecraft:diamond":18,"minecraft:granite":300,"minecraft:dark_oak_sapling":5,"minecraft:stone_brick_slab":11,"minecraft:wildflowers":104,"minecraft:bow":4,"minecraft:stone_shovel":3,"minecraft:arrow":45,"minecraft:iron_ingot":3,"minecraft:raw_gold":65,"minecraft:mutton":17,"minecraft:iron_chestplate":3,"minecraft:dirt":2811,"minecraft:basalt":5,"minecraft:brown_wool":2,"minecraft:iron_shovel":3,"minecraft:torch":326,"minecraft:diamond_pickaxe":2,"minecraft:cobblestone_stairs":95,"minecraft:spruce_log":610,"minecraft:iron_boots":3,"minecraft:oak_stairs":46,"minecraft:coal":847,"minecraft:oak_log":201,"minecraft:oak_fence":30,"minecraft:music_disc_otherside":2,"minecraft:furnace":32,"minecraft:wheat_seeds":904,"minecraft:iron_pickaxe":9,"minecraft:egg":1,"minecraft:anvil":1,"minecraft:iron_leggings":3,"minecraft:birch_sapling":35,"minecraft:cooked_beef":6,"minecraft:feather":4,"minecraft:white_wool":17,"minecraft:polished_granite":2,"minecraft:red_mushroom":2,"minecraft:oak_button":4,"minecraft:andesite":822,"minecraft:lily_of_the_valley":20,"minecraft:ender_pearl":1,"minecraft:string":3,"minecraft:golden_sword":2,"minecraft:stone_bricks":355,"minecraft:obsidian":15,"minecraft:polished_diorite":99,"minecraft:iron_helmet":3,"minecraft:carrot":426,"minecraft:spruce_sapling":52,"minecraft:white_bed":4,"minecraft:bucket":1,"minecraft:birch_sign":8,"minecraft:leather":8,"minecraft:stone_pickaxe":11,"minecraft:polished_diorite_stairs":23,"minecraft:gold_ingot":2,"minecraft:peony":14,"minecraft:porkchop":19,"minecraft:stick":97,"minecraft:oak_trapdoor":6,"minecraft:bamboo":7,"minecraft:chicken":1,"minecraft:golden_chestplate":1,"minecraft:cooked_porkchop":27,"minecraft:iron_axe":3,"minecraft:raw_iron":439,"minecraft:cobbled_deepslate":138,"minecraft:stone_axe":2,"minecraft:wheat":312,"minecraft:spruce_door":7,"minecraft:chest":29,"minecraft:stone":512,"minecraft:gravel":340,"minecraft:smooth_stone":27,"minecraft:tuff":6,"minecraft:leaf_litter":2839,"minecraft:grass_block":1,"minecraft:birch_log":91,"minecraft:lapis_lazuli":402,"minecraft:pumpkin":47,"minecraft:spider_eye":3,"minecraft:dark_oak_log":188,"minecraft:diorite":1157,"minecraft:oak_boat":1,"minecraft:copper_horse_armor":1,"minecraft:oak_planks":12,"minecraft:brown_egg":1,"minecraft:crafting_table":7,"minecraft:raw_copper":1037,"minecraft:oak_sapling":121,"minecraft:stone_brick_stairs":7,"minecraft:rotten_flesh":53,"minecraft:beef":5,"minecraft:apple":28,"minecraft:music_disc_cat":2,"minecraft:oak_slab":54,"minecraft:iron_hoe":1,"minecraft:cocoa_beans":3},"minecraft:killed_by":{"minecraft:creeper":1,"minecraft:zombie":2},"minecraft:killed":{"minecraft:zombie":61,"minecraft:skeleton":23,"minecraft:creeper":1,"minecraft:chicken":1,"minecraft:enderman":1,"minecraft:sheep":9,"minecraft:pig":12,"minecraft:cow":6,"minecraft:spider":11},"minecraft:crafted":{"minecraft:gold_ingot":24,"minecraft:iron_chestplate":1,"minecraft:stick":244,"minecraft:polished_diorite_stairs":48,"minecraft:stone_brick_slab":90,"minecraft:oak_fence":24,"minecraft:cooked_porkchop":19,"minecraft:stone_bricks":1964,"minecraft:iron_helmet":1,"minecraft:diamond_axe":1,"minecraft:iron_block":3,"minecraft:diamond_pickaxe":1,"minecraft:chest":69,"minecraft:air":0,"minecraft:bucket":1,"minecraft:oak_boat":1,"minecraft:jungle_planks":8,"minecraft:oak_stairs":72,"minecraft:diamond_shovel":1,"minecraft:iron_hoe":1,"minecraft:oak_button":4,"minecraft:oak_trapdoor":6,"minecraft:oak_planks":808,"minecraft:iron_shovel":9,"minecraft:stone_shovel":5,"minecraft:polished_diorite":1088,"minecraft:cooked_chicken":1,"minecraft:birch_planks":12,"minecraft:stone_pickaxe":28,"minecraft:cooked_mutton":15,"minecraft:spruce_door":6,"minecraft:iron_boots":1,"minecraft:anvil":1,"minecraft:cooked_beef":5,"minecraft:oak_slab":36,"minecraft:polished_granite":256,"minecraft:paper":57,"minecraft:stone_brick_stairs":84,"minecraft:furnace":8,"minecraft:iron_ingot":285,"minecraft:copper_ingot":613,"minecraft:stone":1480,"minecraft:crafting_table":2,"minecraft:torch":288,"minecraft:white_bed":1,"minecraft:stone_axe":4,"minecraft:spruce_planks":68,"minecraft:iron_pickaxe":62,"minecraft:copper_block":68,"minecraft:birch_sign":6,"minecraft:iron_axe":4,"minecraft:iron_leggings":1,"minecraft:cobblestone_stairs":128},"minecraft:mined":{"minecraft:polished_diorite_stairs":23,"minecraft:torch":93,"minecraft:redstone_ore":28,"minecraft:spruce_log":399,"minecraft:chest":29,"minecraft:pumpkin":29,"minecraft:oak_slab":17,"minecraft:carrots":115,"minecraft:spruce_sapling":7,"minecraft:gravel":377,"minecraft:short_grass":230,"minecraft:birch_wall_sign":2,"minecraft:red_mushroom":2,"minecraft:dirt_path":6,"minecraft:crafting_table":6,"minecraft:birch_log":91,"minecraft:deepslate_redstone_ore":17,"minecraft:leaf_litter":229,"minecraft:obsidian":15,"minecraft:copper_ore":279,"minecraft:firefly_bush":3,"minecraft:gold_ore":13,"minecraft:birch_leaves":9,"minecraft:andesite":821,"minecraft:oak_fence":6,"minecraft:deepslate_gold_ore":39,"minecraft:bamboo":1,"minecraft:wall_torch":33,"minecraft:dark_oak_leaves":4,"minecraft:stone_brick_stairs":8,"minecraft:deepslate_lapis_ore":16,"minecraft:deepslate_diamond_ore":18,"minecraft:deepslate_iron_ore":59,"minecraft:iron_ore":247,"minecraft:stone":14831,"minecraft:stone_bricks":355,"minecraft:granite":294,"minecraft:dark_oak_log":124,"minecraft:cobblestone_stairs":13,"minecraft:bush":5,"minecraft:podzol":320,"minecraft:coal_ore":562,"minecraft:wheat":323,"minecraft:diorite":1121,"minecraft:lily_of_the_valley":10,"minecraft:oak_planks":4,"minecraft:cobblestone":162,"minecraft:sugar_cane":83,"minecraft:white_bed":4,"minecraft:oak_leaves":34,"minecraft:polished_diorite":99,"minecraft:furnace":32,"minecraft:rose_bush":8,"minecraft:deepslate_copper_ore":3,"minecraft:wildflowers":17,"minecraft:oak_stairs":46,"minecraft:dirt":1456,"minecraft:grass_block":984,"minecraft:stone_brick_slab":10,"minecraft:peony":7,"minecraft:spruce_leaves":31,"minecraft:cobbled_deepslate":20,"minecraft:tuff":6,"minecraft:spruce_door":2,"minecraft:basalt":5,"minecraft:deepslate":108,"minecraft:oak_log":198,"minecraft:polished_granite":2,"minecraft:cocoa":1,"minecraft:lapis_ore":27},"minecraft:used":{"minecraft:stone_axe":462,"minecraft:birch_sapling":1,"minecraft:oak_fence":6,"minecraft:oak_trapdoor":6,"minecraft:iron_axe":685,"minecraft:leaf_litter":18,"minecraft:birch_sign":2,"minecraft:iron_pickaxe":15461,"minecraft:andesite":101,"minecraft:oak_boat":2,"minecraft:wheat_seeds":412,"minecraft:stone_brick_slab":96,"minecraft:wooden_axe":54,"minecraft:diamond_pickaxe":303,"minecraft:cooked_mutton":15,"minecraft:polished_diorite_stairs":70,"minecraft:stone_bricks":2148,"minecraft:cooked_porkchop":31,"minecraft:granite":6,"minecraft:iron_shovel":2270,"minecraft:diorite":21,"minecraft:oak_slab":18,"minecraft:spruce_door":2,"minecraft:cobblestone":1339,"minecraft:carrot":208,"minecraft:crafting_table":7,"minecraft:red_mushroom":1,"minecraft:white_bed":5,"minecraft:stone_pickaxe":3627,"minecraft:cobbled_deepslate":24,"minecraft:apple":2,"minecraft:polished_diorite":981,"minecraft:diamond_shovel":113,"minecraft:spruce_log":101,"minecraft:stone_shovel":674,"minecraft:iron_hoe":180,"minecraft:water_bucket":9,"minecraft:golden_sword":20,"minecraft:furnace":40,"minecraft:torch":536,"minecraft:dirt":1602,"minecraft:polished_granite":65,"minecraft:obsidian":10,"minecraft:cobblestone_stairs":68,"minecraft:oak_button":8,"minecraft:gravel":43,"minecraft:cooked_chicken":1,"minecraft:oak_stairs":111,"minecraft:cooked_beef":10,"minecraft:stone_brick_stairs":80,"minecraft:flint_and_steel":1,"minecraft:bucket":9,"minecraft:chest":98,"minecraft:oak_planks":4,"minecraft:spruce_sapling":25,"minecraft:oak_sapling":7,"minecraft:egg":1,"minecraft:brown_egg":1,"minecraft:sugar_cane":8},"minecraft:custom":{"minecraft:time_since_rest":6487,"minecraft:leave_game":26,"minecraft:damage_taken":5549,"minecraft:mob_kills":128,"minecraft:boat_one_cm":1970,"minecraft:time_since_death":292109,"minecraft:interact_with_furnace":248,"minecraft:sleep_in_bed":47,"minecraft:swim_one_cm":54652,"minecraft:total_world_time":1702504,"minecraft:crouch_one_cm":253852,"minecraft:deaths":4,"minecraft:climb_one_cm":1988,"minecraft:animals_bred":53,"minecraft:interact_with_crafting_table":107,"minecraft:walk_one_cm":6804111,"minecraft:walk_under_water_one_cm":75235,"minecraft:damage_dealt":20263,"minecraft:play_time":1264363,"minecraft:jump":6033,"minecraft:drop":79,"minecraft:sprint_one_cm":389647,"minecraft:open_chest":696,"minecraft:fall_one_cm":73463,"minecraft:fly_one_cm":321608,"minecraft:walk_on_water_one_cm":58754,"minecraft:sneak_time":69071},"minecraft:dropped":{"minecraft:rotten_flesh":37,"minecraft:wildflowers":3,"minecraft:iron_shovel":1,"minecraft:birch_sapling":1,"minecraft:bow":1,"minecraft:leaf_litter":1456,"minecraft:string":2,"minecraft:cobbled_deepslate":18,"minecraft:flint":8,"minecraft:dirt":16,"minecraft:arrow":7,"minecraft:raw_copper":8,"minecraft:wheat_seeds":1,"minecraft:iron_nugget":10,"minecraft:granite":6,"minecraft:spider_eye":1,"minecraft:feather":2,"minecraft:stone_pickaxe":2,"minecraft:mutton":1,"minecraft:brown_wool":1,"minecraft:oak_sapling":2}},"DataVersion":4554}